{"cameraMode":{"drawMode":0,"name":"Shaded","section":"Shading Mode"},"sceneLighting":true,"audioPlay":false,"sceneViewState":{"m_AlwaysRefresh":true,"showFog":true,"showSkybox":true,"showFlares":true,"showImageEffects":true,"showParticleSystems":true,"showVisualEffectGraphs":true,"m_FxEnabled":true},"in2DMode":false,"pivot":{"x":1813.3070068359375,"y":998.61865234375,"z":-303.9014892578125},"rotation":{"x":-0.019188622012734414,"y":-0.0022556581534445287,"z":-0.00003041439049411565,"w":0.9998498558998108},"size":960.6612548828125,"orthographic":false}