{"cameraMode":{"drawMode":0,"name":"Shaded","section":"Shading Mode"},"sceneLighting":true,"audioPlay":false,"sceneViewState":{"m_AlwaysRefresh":true,"showFog":true,"showSkybox":true,"showFlares":true,"showImageEffects":true,"showParticleSystems":true,"showVisualEffectGraphs":true,"m_FxEnabled":true},"in2DMode":false,"pivot":{"x":-8.646544456481934,"y":16.02324676513672,"z":-32.97770690917969},"rotation":{"x":0.05947075039148331,"y":-0.04341564327478409,"z":0.0026029220316559078,"w":0.9973164200782776},"size":57.695159912109378,"orthographic":false}